appid,review_positive,review_negative,review_total,review_ratio
10,248818,6588,255406,0.9742057743357635
20,7781,1147,8928,0.8715277777777778
30,6501,697,7198,0.9031675465407057
40,2671,546,3217,0.8302766552688841
50,25525,1258,26783,0.9530299070305791
60,5079,1042,6121,0.8297663780428035
70,149061,5363,154424,0.9652709423405689
80,24940,2325,27265,0.9147258389877132
130,18227,1475,19702,0.9251345041112577
220,253807,6206,260013,0.9761319626326376
240,180107,6966,187073,0.9627631993927505
300,21150,1910,23060,0.9171725932350391
320,13416,1353,14769,0.9083891935811497
360,3952,1294,5246,0.7533358749523447
400,183747,2793,186540,0.9850273399807012
440,1092256,113152,1205408,0.9061297087791021
500,62233,2332,64565,0.9638813598698985
550,977742,24714,1002456,0.9753465488759606
570,2141904,491929,2633833,0.8132269585808971
620,441461,5820,447281,0.986988045546312
630,20319,1108,21427,0.9482895412330238
730,7961306,1259018,9220324,0.8634518700210535
1002,98,30,128,0.765625
1200,2194,305,2499,0.8779511804721889
1250,64748,3270,68018,0.951924490576024
1300,1225,137,1362,0.8994126284875184
1313,353,97,450,0.7844444444444445
1500,887,218,1105,0.8027149321266969
1510,2165,217,2382,0.9089000839630562
1520,3724,535,4259,0.8743836581357126
1530,485,108,593,0.8178752107925801
1600,297,81,378,0.7857142857142857
1610,239,39,278,0.8597122302158273
1620,0,0,0,0.0
1630,1199,175,1374,0.8726346433770015
1640,1326,263,1589,0.8344870988042794
1670,186,106,292,0.636986301369863
1690,332,126,458,0.7248908296943232
1700,2081,293,2374,0.8765796124684078
1900,1083,415,1498,0.7229639519359146
1930,4436,1317,5753,0.7710759603685033
2100,10178,1000,11178,0.910538557881553
2200,3733,156,3889,0.9598868603754178
2210,3180,442,3622,0.8779679734953064
2270,3828,270,4098,0.9341142020497804
2280,25868,930,26798,0.9652959176057915
2310,14404,515,14919,0.9654802600710504
2320,9255,452,9707,0.9534356649840321
2400,5105,845,5950,0.8579831932773109
2420,666,271,937,0.7107790821771611
2450,855,232,1087,0.7865685372585096
2500,1289,293,1582,0.8147914032869785
2520,64,66,130,0.49230769230769234
2540,233,151,384,0.6067708333333334
2590,830,664,1494,0.5555555555555556
2600,13895,798,14693,0.9456884230585993
2610,1945,171,2116,0.9191871455576559
2620,6816,393,7209,0.94548481065335
2630,10214,700,10914,0.9358621953454279
2640,1957,298,2255,0.8678492239467849
2700,4785,424,5209,0.9186024188903821
2710,527,56,583,0.9039451114922813
2720,37,13,50,0.74
2800,422,89,511,0.8258317025440313
2810,509,198,707,0.7199434229137199
2820,2405,413,2818,0.8534421575585521
2840,279,96,375,0.744
2850,101,31,132,0.7651515151515151
2870,3185,4104,7289,0.43695980244203597
2900,170,42,212,0.8018867924528302
2910,411,58,469,0.8763326226012793
2920,104,36,140,0.7428571428571429
2990,19497,805,20302,0.9603487341148655
3010,489,94,583,0.8387650085763293
3020,3404,823,4227,0.8052992666193518
3050,322,90,412,0.7815533980582524
3130,721,123,844,0.8542654028436019
3170,1186,115,1301,0.9116064565718678
3230,51,112,163,0.3128834355828221
3260,366,256,622,0.5884244372990354
3270,819,328,1147,0.7140366172624237
3300,645,36,681,0.947136563876652
3310,1314,83,1397,0.9405869720830351
3320,6106,196,6302,0.9688987622976832
3330,5665,276,5941,0.9535431745497391
3340,102,24,126,0.8095238095238095
3350,258,36,294,0.8775510204081632
3360,187,12,199,0.9396984924623115
3380,367,16,383,0.95822454308094
3390,2429,73,2502,0.9708233413269385
3400,56,6,62,0.9032258064516129
3410,344,55,399,0.8621553884711779
3420,79,7,86,0.9186046511627907
3430,223,7,230,0.9695652173913043
3450,373,53,426,0.8755868544600939
3460,87,3,90,0.9666666666666667
3480,12103,308,12411,0.9751833051325437
3483,2486,139,2625,0.947047619047619
3490,18,3,21,0.8571428571428571
3500,63,12,75,0.84
3510,73,17,90,0.8111111111111111
3520,62,12,74,0.8378378378378378
3530,90,17,107,0.8411214953271028
3540,2867,103,2970,0.9653198653198654
3560,480,95,575,0.8347826086956521
3570,45,8,53,0.8490566037735849
3580,40,8,48,0.8333333333333334
3590,143929,3446,147375,0.9766174724342663
3600,229,86,315,0.726984126984127
3610,49,12,61,0.8032786885245902
3620,2939,154,3093,0.9502101519560298
3700,3014,956,3970,0.7591939546599497
3710,1045,149,1194,0.8752093802345059
3720,3303,237,3540,0.9330508474576271
3730,2376,339,2715,0.8751381215469614
3800,429,121,550,0.78
3810,472,130,602,0.7840531561461794
3820,320,122,442,0.7239819004524887
3830,17547,921,18468,0.9501299545159194
3900,3238,264,3502,0.9246145059965734
3910,6674,783,7457,0.894997988467212
3920,6758,405,7163,0.9434594443668853
3960,85,79,164,0.5182926829268293
3980,645,254,899,0.7174638487208009
3990,469,47,516,0.9089147286821705
4000,1160650,38056,1198706,0.9682524322060622
4100,9,8,17,0.5294117647058824
4230,147,52,199,0.7386934673366834
4290,6,7,13,0.46153846153846156
4300,70,21,91,0.7692307692307693
4420,92,65,157,0.5859872611464968
4460,190,47,237,0.8016877637130801
4470,68,31,99,0.6868686868686869
4520,228,87,315,0.7238095238095238
4530,168,61,229,0.7336244541484717
4560,6642,467,7109,0.9343086228724152
4570,10982,615,11597,0.946969043718203
4700,33193,1498,34691,0.9568187714392782
4770,674,212,886,0.7607223476297968
4780,598,31,629,0.9507154213036566
4800,645,111,756,0.8531746031746031
4850,2522,325,2847,0.8858447488584474
4870,287,67,354,0.8107344632768362
4880,450,156,606,0.7425742574257426
4890,938,214,1152,0.8142361111111112
4900,310,38,348,0.8908045977011494
4920,11263,1976,13239,0.8507440138983307
6000,15744,712,16456,0.9567331064657267
6010,1388,92,1480,0.9378378378378378
6020,12951,534,13485,0.9604004449388209
6030,4378,425,4803,0.9115136373100146
6040,1130,103,1233,0.916463909164639
6060,50768,2896,53664,0.9460345855694693
6080,834,62,896,0.9308035714285714
6090,269,36,305,0.8819672131147541
6120,3510,386,3896,0.9009240246406571
6200,1714,197,1911,0.8969126111983254
6210,121,43,164,0.7378048780487805
6220,5486,502,5988,0.9161656646626587
6250,489,131,620,0.7887096774193548
6270,91,110,201,0.4527363184079602
6300,996,187,1183,0.841927303465765
6310,1868,209,2077,0.8993740972556572
6370,1466,250,1716,0.8543123543123543
6400,285,39,324,0.8796296296296297
6420,882,146,1028,0.857976653696498
6510,1684,384,2068,0.8143133462282398
6600,44,42,86,0.5116279069767442
6800,3480,384,3864,0.9006211180124224
6810,936,119,1055,0.8872037914691943
6830,2360,388,2748,0.858806404657933
6840,692,415,1107,0.6251129177958447
6850,3730,804,4534,0.8226731363034848
6860,14048,882,14930,0.9409243134628266
6870,731,205,936,0.780982905982906
6880,3370,1698,5068,0.664956590370955
6900,3315,1335,4650,0.7129032258064516
6910,14267,785,15052,0.9478474621312782
6920,1379,1017,2396,0.575542570951586
6980,2042,482,2524,0.8090332805071315
7000,4894,702,5596,0.8745532523230879
7010,537,174,711,0.7552742616033755
7020,477,27,504,0.9464285714285714
7110,1495,486,1981,0.7546693589096416
7200,2564,141,2705,0.9478743068391867
7210,569,172,741,0.7678812415654521
7220,205,157,362,0.5662983425414365
7260,147,80,227,0.6475770925110133
7340,41,9,50,0.82
7510,1962,1231,3193,0.6144691512683996
7520,4357,2490,6847,0.6363370819336935
7530,428,327,755,0.5668874172185431
7600,2365,966,3331,0.709996997898529
7610,937,278,1215,0.77119341563786
7620,1200,140,1340,0.8955223880597015
7650,812,86,898,0.9042316258351893
7660,817,107,924,0.8841991341991342
7670,29565,1888,31453,0.9399739293549105
7730,121,97,218,0.555045871559633
7760,3684,200,3884,0.9485066941297632
7770,262,194,456,0.5745614035087719
7800,2121,311,2432,0.8721217105263158
7830,3354,375,3729,0.8994368463395012
7840,92,70,162,0.5679012345679012
7860,1234,580,1814,0.6802646085997794
7940,24177,1656,25833,0.935895947044478
8000,5651,1249,6900,0.8189855072463769
8080,2177,1204,3381,0.6438923395445134
8100,234,219,453,0.5165562913907285
8140,4903,1493,6396,0.7665728580362726
8170,1837,732,2569,0.7150642273258077
8190,46276,4776,51052,0.9064483271958004
8330,224,113,337,0.6646884272997032
8400,977,97,1074,0.909683426443203
8500,27711,10015,37726,0.7345332131686371
8600,2311,387,2698,0.8565604151223128
8780,0,0,0,0.0
8790,308,27,335,0.9194029850746268
8800,4616,181,4797,0.9622680842193038
8850,13003,1644,14647,0.8877585853758448
8870,133596,9276,142872,0.9350747522257685
8880,297,234,531,0.559322033898305
8890,255,44,299,0.8528428093645485
8930,198004,9179,207183,0.9556961719832225
8970,72,26,98,0.7346938775510204
9010,8128,613,8741,0.9298707241734355
9060,463,117,580,0.7982758620689655
9180,1437,98,1535,0.9361563517915309
9200,13899,3987,17886,0.7770882254277088
9340,1063,97,1160,0.9163793103448276
9350,2693,329,3022,0.8911317008603574
9420,13379,439,13818,0.9682298451295411
9460,713,326,1039,0.6862367661212705
9480,15871,5115,20986,0.7562660821500048
9500,286,206,492,0.5813008130081301
9710,147,147,294,0.5
9730,117,163,280,0.41785714285714287
9760,418,95,513,0.8148148148148148
9800,736,231,967,0.7611168562564633
9850,182,93,275,0.6618181818181819
9880,3016,1219,4235,0.7121605667060212
9900,16263,4291,20554,0.7912328500535175
9940,896,184,1080,0.8296296296296296
9960,15,17,32,0.46875
9970,7,31,38,0.18421052631578946
9980,58,32,90,0.6444444444444445
10090,47763,3930,51693,0.9239742324879577
10100,327,48,375,0.872
10110,334,62,396,0.8434343434343434
10120,28,23,51,0.5490196078431373
10130,1094,276,1370,0.7985401459854015
10140,89,39,128,0.6953125
10150,10539,2653,13192,0.7988932686476653
10180,55168,4012,59180,0.9322068266306185
10220,2630,3114,5744,0.4578690807799443
10230,43,71,114,0.37719298245614036
10240,21,12,33,0.6363636363636364
10250,21,22,43,0.4883720930232558
10260,15,13,28,0.5357142857142857
10270,1294,499,1793,0.7216954824316788
10460,104,76,180,0.5777777777777777
10500,33285,3407,36692,0.9071459718739779
10520,5,1,6,0.8333333333333334
10680,18848,1797,20645,0.9129571324775975
11020,21550,2377,23927,0.9006561624942534
11040,497,202,699,0.7110157367668097
11050,261,91,352,0.7414772727272727
11130,142,360,502,0.28286852589641437
11140,620,221,841,0.737217598097503
11150,434,295,729,0.5953360768175583
11180,218,352,570,0.3824561403508772
11190,1027,237,1264,0.8125
11200,478,306,784,0.6096938775510204
11230,325,140,465,0.6989247311827957
11240,319,321,640,0.4984375
11250,46,25,71,0.647887323943662
11260,140,91,231,0.6060606060606061
11280,1238,142,1380,0.8971014492753623
11340,566,184,750,0.7546666666666667
11370,210,174,384,0.546875
11390,1424,1039,2463,0.5781567194478279
11450,6080,419,6499,0.9355285428527466
11480,876,136,1012,0.8656126482213439
11550,232,55,287,0.8083623693379791
11610,1647,642,2289,0.7195281782437746
12130,5719,2399,8118,0.7044838630204484
12140,13427,1667,15094,0.8895587650722141
12150,12321,725,13046,0.9444274107005979
12200,32629,6005,38634,0.844566961743542
12210,153383,31919,185302,0.8277460577867481
12220,7498,2634,10132,0.7400315831030398
12310,86,29,115,0.7478260869565218
12320,3749,646,4395,0.8530147895335609
12330,496,100,596,0.8322147651006712
12360,6449,706,7155,0.9013277428371768
12364,18,2,20,0.9
12390,142,101,243,0.5843621399176955
12420,18,56,74,0.24324324324324326
12430,44,85,129,0.34108527131782945
12440,45,20,65,0.6923076923076923
12450,29,11,40,0.725
12460,133,78,211,0.6303317535545023
12470,473,192,665,0.7112781954887218
12480,144,99,243,0.5925925925925926
12500,958,143,1101,0.8701180744777475
12510,26,95,121,0.21487603305785125
12520,367,135,502,0.7310756972111554
12530,64,10,74,0.8648648648648649
12540,27,8,35,0.7714285714285715
12560,21,28,49,0.42857142857142855
12570,14,18,32,0.4375
12580,12,14,26,0.46153846153846156
12590,38,29,67,0.5671641791044776
12600,14,36,50,0.28
12640,613,148,761,0.8055190538764783
12650,3,2,5,0.6
12660,6,2,8,0.75
12670,13,8,21,0.6190476190476191
12690,295,56,351,0.8404558404558404
12710,2268,168,2436,0.9310344827586207
12810,4250,523,4773,0.8904253090299602
12900,10526,473,10999,0.9569960905536867
13000,53,7,60,0.8833333333333333
13500,3142,652,3794,0.8281497100685292
13520,8908,1960,10868,0.819654030180346
13530,2019,502,2521,0.8008726695755652
13540,1262,325,1587,0.7952110901071203
13560,3218,445,3663,0.8785148785148785
13570,5070,372,5442,0.9316427783902976
13580,641,1153,1794,0.3573021181716834
13600,4098,685,4783,0.8567844449090529
13620,144,15,159,0.9056603773584906
13630,143,21,164,0.8719512195121951
15000,307,201,508,0.6043307086614174
15080,1575,294,1869,0.8426966292134831
15100,18703,4367,23070,0.8107065452969224
15120,4987,892,5879,0.8482735159040653
15160,165,57,222,0.7432432432432432
15170,3567,483,4050,0.8807407407407407
15190,1769,248,2017,0.8770451165096679
15200,754,328,1082,0.6968576709796673
15210,2223,307,2530,0.8786561264822135
15240,252,58,310,0.8129032258064516
15300,1449,120,1569,0.9235181644359465
15320,2701,377,3078,0.877517868745939
15350,4,5,9,0.4444444444444444
15370,2837,231,3068,0.9247066492829205
15380,328,49,377,0.870026525198939
15390,2077,207,2284,0.909369527145359
15400,125,33,158,0.7911392405063291
15500,542,146,688,0.7877906976744186
15520,628,119,747,0.8406961178045516
15560,810,282,1092,0.7417582417582418
15620,11712,1587,13299,0.8806677193773969
15700,3776,648,4424,0.8535262206148282
15710,1526,87,1613,0.9460632362058277
15740,829,245,1074,0.7718808193668529
15750,1502,218,1720,0.8732558139534884
15800,1,2,3,0.3333333333333333
15900,165,42,207,0.7971014492753623
15910,29,13,42,0.6904761904761905
15920,18,29,47,0.3829787234042553
15930,194,20,214,0.9065420560747663
15960,82,42,124,0.6612903225806451
15970,86,42,128,0.671875
16000,28,41,69,0.4057971014492754
16020,55,36,91,0.6043956043956044
16030,110,39,149,0.738255033557047
16040,102,23,125,0.816
16060,40,65,105,0.38095238095238093
16100,159,19,178,0.8932584269662921
16110,73,6,79,0.9240506329113924
16120,197,13,210,0.9380952380952381
16130,111,13,124,0.8951612903225806
16180,124,12,136,0.9117647058823529
16200,60,9,69,0.8695652173913043
16300,115,6,121,0.9504132231404959
16450,7647,1352,8999,0.8497610845649517
16500,11,2,13,0.8461538461538461
16600,231,44,275,0.84
16620,36,19,55,0.6545454545454545
16710,345,114,459,0.7516339869281046
16720,1565,956,2521,0.6207854026180087
16730,1475,1157,2632,0.5604103343465046
16810,1281,198,1479,0.8661257606490872
16900,20140,2509,22649,0.889222482228796
17100,384,70,454,0.8458149779735683
17120,135,26,161,0.8385093167701864
17140,200,50,250,0.8
17180,25,14,39,0.6410256410256411
17330,3395,556,3951,0.859276132624652
17390,63694,5165,68859,0.9249916496028115
17410,33549,4725,38274,0.87654804828343
17440,1857,222,2079,0.8932178932178932
17460,15456,1049,16505,0.9364435019691003
17470,25909,2307,28216,0.9182378792174652
17480,13149,2278,15427,0.8523368120827122
17500,6611,1186,7797,0.8478902141849429
17570,5349,740,6089,0.8784693709968796
17580,941,163,1104,0.8523550724637681
17710,1939,536,2475,0.7834343434343435
17740,905,141,1046,0.8652007648183556
18000,456,58,514,0.8871595330739299
18020,164,30,194,0.845360824742268
18040,893,52,945,0.944973544973545
18050,261,39,300,0.87
18070,201,58,259,0.7760617760617761
18120,238,63,301,0.7906976744186046
18300,381,113,494,0.771255060728745
18400,121,135,256,0.47265625
18420,158,34,192,0.8229166666666666
18430,2,1,3,0.6666666666666666
18470,134,46,180,0.7444444444444445
18480,82,59,141,0.5815602836879432
18500,5042,199,5241,0.962030146918527
18600,14,14,28,0.5
18700,911,390,1301,0.7002305918524212
18820,688,188,876,0.7853881278538812
19000,1746,1949,3695,0.4725304465493911
19020,27,27,54,0.5
19030,127,46,173,0.7341040462427746
19080,5,25,30,0.16666666666666666
19200,263,181,444,0.5923423423423423
19320,8,9,17,0.47058823529411764
19500,17,60,77,0.22077922077922077
19680,24132,2547,26679,0.9045316541099742
19800,935,141,1076,0.8689591078066915
19810,46,15,61,0.7540983606557377
19830,1840,162,2002,0.919080919080919
19900,13410,4184,17594,0.7621916562464477
19980,2884,782,3666,0.7866884888161484
20200,7,12,19,0.3684210526315789
20500,6890,765,7655,0.9000653167864141
20530,2476,398,2874,0.8615170494084899
20540,2168,172,2340,0.9264957264957265
20550,650,587,1237,0.5254648342764754
20700,82,18,100,0.82
20710,77,17,94,0.8191489361702128
20820,1223,85,1308,0.9350152905198776
20900,55145,6543,61688,0.8939339904033199
20920,79104,8793,87897,0.8999624560565207
21000,12819,1535,14354,0.8930611676187822
21010,676,267,943,0.7168610816542949
21030,281,135,416,0.6754807692307693
21090,17020,1155,18175,0.9364511691884456
21100,9395,3826,13221,0.7106119053021708
21130,8081,1187,9268,0.8719249028916702
21300,26,5,31,0.8387096774193549
21500,6,3,9,0.6666666666666666
21660,359,175,534,0.6722846441947565
21670,1276,475,1751,0.728726442033124
21680,673,445,1118,0.6019677996422182
21690,46588,6797,53385,0.8726795916455933
21780,1290,144,1434,0.899581589958159
21800,836,191,1027,0.8140214216163584
21980,4131,610,4741,0.8713351613583632
22000,6002,356,6358,0.9440075495438818
22100,6051,513,6564,0.9218464351005484
22120,2650,171,2821,0.9393831974477136
22130,555,87,642,0.8644859813084113
22140,569,516,1085,0.5244239631336406
22180,3544,376,3920,0.9040816326530612
22200,2691,428,3119,0.8627765309394037
22230,3562,313,3875,0.9192258064516129
22300,17272,4002,21274,0.8118830497320673
22310,1059,523,1582,0.6694058154235145
22320,25960,1301,27261,0.9522761454091926
22330,49142,2534,51676,0.9509636968805635
22340,2203,1045,3248,0.6782635467980296
22350,5071,2974,8045,0.6303293971410814
22370,42257,9858,52115,0.8108414084236784
22380,226624,9525,236149,0.9596652960630788
22450,1030,333,1363,0.7556859867938371
22500,315,46,361,0.8725761772853186
22600,4321,633,4954,0.8722244650787243
22610,1369,471,1840,0.7440217391304348
22650,718,306,1024,0.701171875
22670,437,154,591,0.739424703891709
23150,20,9,29,0.6896551724137931
23300,137,82,219,0.6255707762557078
23380,174,159,333,0.5225225225225225
23400,393,69,462,0.8506493506493507
23420,157,78,235,0.6680851063829787
23450,602,198,800,0.7525
23455,0,0,0,0.0
23460,164,42,206,0.7961165048543689
23490,1678,202,1880,0.8925531914893617
23500,164,172,336,0.4880952380952381
23530,979,142,1121,0.8733273862622658
23600,130,34,164,0.7926829268292683
23700,180,138,318,0.5660377358490566
24010,20490,8263,28753,0.7126212916913017
24200,17324,4165,21489,0.8061799059984178
24240,37940,2709,40649,0.9333562941277769
24400,418,190,608,0.6875
24410,24,22,46,0.5217391304347826
24420,1323,177,1500,0.882
24460,22,32,54,0.4074074074074074
24480,282,223,505,0.5584158415841585
24640,19,33,52,0.36538461538461536
24650,30,21,51,0.5882352941176471
24660,18,14,32,0.5625
24670,1482,515,1997,0.7421131697546319
24720,6616,794,7410,0.8928475033738191
24780,7701,1697,9398,0.8194296658863588
24790,7976,884,8860,0.9002257336343115
24800,4633,941,5574,0.8311804808037316
24810,5090,345,5435,0.9365225390984361
24880,2037,187,2224,0.9159172661870504
25000,7088,1662,8750,0.8100571428571428
25010,447,119,566,0.7897526501766784
25500,71,55,126,0.5634920634920635
25600,340,52,392,0.8673469387755102
25620,117,22,139,0.841726618705036
25700,245,45,290,0.8448275862068966
25800,1659,331,1990,0.8336683417085428
25808,36,9,45,0.8
25830,2178,173,2351,0.9264142917907273
25850,136,47,183,0.7431693989071039
25890,4571,1443,6014,0.7600598603259062
25900,3160,364,3524,0.8967082860385925
25910,198,57,255,0.7764705882352941
25930,105,93,198,0.5303030303030303
25980,852,386,1238,0.6882067851373183
25990,540,42,582,0.9278350515463918
26000,299,59,358,0.835195530726257
26300,15,31,46,0.32608695652173914
26500,803,104,907,0.8853362734288864
26800,9199,652,9851,0.933813826007512
26900,977,162,1139,0.8577699736611062
27000,791,216,1007,0.785501489572989
27020,374,241,615,0.608130081300813
27050,78,59,137,0.5693430656934306
27200,26,22,48,0.5416666666666666
27400,120,82,202,0.594059405940594
27800,62,23,85,0.7294117647058823
27810,69,13,82,0.8414634146341463
27900,105,182,287,0.36585365853658536
27920,93,103,196,0.4744897959183674
27940,224,433,657,0.3409436834094368
28000,5961,3082,9043,0.6591838991485126
29120,72,31,103,0.6990291262135923
29130,244,19,263,0.9277566539923955
29160,123,37,160,0.76875
29180,1208,196,1404,0.8603988603988604
29720,1878,221,2099,0.8947117675083373
29800,3145,812,3957,0.794794035885772
29900,2405,781,3186,0.7548650345260515
31100,345,42,387,0.8914728682170543
31170,681,85,766,0.8890339425587467
31270,2440,302,2742,0.8898614150255288
31300,16,26,42,0.38095238095238093
31700,377,64,441,0.854875283446712
31800,138,28,166,0.8313253012048193
31810,369,11,380,0.9710526315789474
31820,220,16,236,0.9322033898305084
31830,363,47,410,0.8853658536585366
31840,253,21,274,0.9233576642335767
31850,256,22,278,0.920863309352518
31860,189,17,206,0.9174757281553398
31870,55,24,79,0.6962025316455697
31880,217,23,240,0.9041666666666667
31890,171,21,192,0.890625
31900,125,47,172,0.7267441860465116
31910,164,37,201,0.8159203980099502
31920,178,17,195,0.9128205128205128
31930,172,65,237,0.7257383966244726
32000,1,14,15,0.06666666666666667
32110,92,34,126,0.7301587301587301
32120,56,34,90,0.6222222222222222
32140,116,55,171,0.6783625730994152
32150,428,7,435,0.9839080459770115
32160,391,54,445,0.8786516853932584
32200,89,53,142,0.6267605633802817
32310,285,78,363,0.7851239669421488
32330,3627,484,4111,0.8822670882996838
32340,600,73,673,0.8915304606240714
32350,375,317,692,0.541907514450867
32360,5704,281,5985,0.9530492898913951
32370,29707,2873,32580,0.911817065684469
32380,1738,420,2158,0.8053753475440223
32390,669,335,1004,0.6663346613545816
32400,2684,334,3018,0.8893306825712393
32410,46,21,67,0.6865671641791045
32430,8697,2782,11479,0.7576443941109853
32440,23703,808,24511,0.9670352086818164
32450,1569,326,1895,0.8279683377308708
32460,2744,137,2881,0.9524470669906282
32470,39950,960,40910,0.9765338548032266
32500,4821,2796,7617,0.632926348956282
32510,8392,469,8861,0.9470714366324343
32610,131,124,255,0.5137254901960784
32620,590,65,655,0.9007633587786259
32630,440,69,509,0.8644400785854617
32640,343,28,371,0.9245283018867925
32650,145,40,185,0.7837837837837838
32660,154,36,190,0.8105263157894737
32680,511,38,549,0.930783242258652
32710,63,21,84,0.75
32720,117,21,138,0.8478260869565217
32730,133,59,192,0.6927083333333334
32740,91,11,102,0.8921568627450981
32750,277,29,306,0.9052287581699346
32760,214,24,238,0.8991596638655462
32770,262,40,302,0.8675496688741722
32900,277,89,366,0.7568306010928961
33100,4287,212,4499,0.9528784174260947
33110,533,291,824,0.6468446601941747
33120,3135,278,3413,0.9185467330794023
33130,1055,218,1273,0.828750981932443
33180,673,187,860,0.7825581395348837
33220,3397,1323,4720,0.7197033898305085
33230,51091,6107,57198,0.8932305325361026
33320,1919,814,2733,0.7021587998536407
33390,34,7,41,0.8292682926829268
33460,1946,957,2903,0.6703410265242852
33520,827,114,941,0.8788522848034006
33550,66,44,110,0.6
33570,792,173,965,0.8207253886010363
33580,129,45,174,0.7413793103448276
33600,1362,136,1498,0.9092122830440588
33610,477,372,849,0.5618374558303887
33620,543,95,638,0.8510971786833855
33650,365,43,408,0.8946078431372549
33660,24,13,37,0.6486486486486487
33670,272,252,524,0.5190839694656488
33680,1202,113,1315,0.9140684410646388
33700,2,4,6,0.3333333333333333
33710,10,1,11,0.9090909090909091
33720,15,1,16,0.9375
33730,169,67,236,0.7161016949152542
33750,8,31,39,0.20512820512820512
33760,4,11,15,0.26666666666666666
33770,321,76,397,0.8085642317380353
33790,17,16,33,0.5151515151515151
33900,1767,348,2115,0.8354609929078014
33930,20482,1679,22161,0.9242362709264023
33950,231,65,296,0.7804054054054054
33980,106,69,175,0.6057142857142858
33990,98,112,210,0.4666666666666667
34010,4069,933,5002,0.8134746101559376
34030,24026,2236,26262,0.9148579696900464
34190,2897,430,3327,0.8707544334235047
34410,448,78,526,0.8517110266159695
34420,100,80,180,0.5555555555555556
34500,36,9,45,0.8
34600,473,188,661,0.7155824508320726
34630,30,2,32,0.9375
34640,41,5,46,0.8913043478260869
34800,105,49,154,0.6818181818181818
34810,168,37,205,0.8195121951219512
34820,590,144,734,0.8038147138964578
34830,4897,3490,8387,0.5838798139978538
34870,13786,4433,18219,0.7566825841154838
34900,11723,3117,14840,0.7899595687331536
34920,62,175,237,0.2616033755274262
35000,4159,482,4641,0.8961430726136609
35070,91,83,174,0.5229885057471264
35130,4238,401,4639,0.9135589566716965
35140,76627,2912,79539,0.9633890292812332
35300,194,34,228,0.8508771929824561
35310,173,67,240,0.7208333333333333
35320,529,106,635,0.8330708661417323
35450,34945,2805,37750,0.9256953642384106
35460,838,292,1130,0.7415929203539823
35480,820,239,1059,0.7743153918791312
35600,49,46,95,0.5157894736842106
35700,14920,662,15582,0.9575150815042999
35720,20846,1015,21861,0.9535702849823887
35800,178,28,206,0.8640776699029126
36000,198,118,316,0.6265822784810127
36130,7,2,9,0.7777777777777778
36150,22,1,23,0.9565217391304348
36900,0,3,3,0.0
36910,3,10,13,0.23076923076923078
37000,930,222,1152,0.8072916666666666
37210,211,80,291,0.7250859106529209
37220,103,31,134,0.7686567164179104
37230,23,11,34,0.6764705882352942
37240,126,216,342,0.3684210526315789
37260,134,8,142,0.9436619718309859
37280,68,26,94,0.723404255319149
37290,15,2,17,0.8823529411764706
37300,14,11,25,0.56
37310,8,12,20,0.4
37320,4,4,8,0.5
37330,4,1,5,0.8
37340,14,5,19,0.7368421052631579
37360,8,5,13,0.6153846153846154
37370,5,3,8,0.625
37380,8,6,14,0.5714285714285714
37390,55,1,56,0.9821428571428571
37400,556,134,690,0.8057971014492754
37500,35,8,43,0.813953488372093
37600,1033,96,1129,0.9149689991142604
37800,30,16,46,0.6521739130434783
37960,52,7,59,0.8813559322033898
38000,54,3,57,0.9473684210526315
38070,16,1,17,0.9411764705882353
38080,63,7,70,0.9
38090,29,0,29,1.0
38100,21,3,24,0.875
38110,23,8,31,0.7419354838709677
38120,202,6,208,0.9711538461538461
38130,192,10,202,0.9504950495049505
38140,39,3,42,0.9285714285714286
38150,66,8,74,0.8918918918918919
38160,14,0,14,1.0
38170,56,7,63,0.8888888888888888
38180,11,2,13,0.8461538461538461
38190,9,5,14,0.6428571428571429
38210,266,69,335,0.7940298507462686
38230,136,164,300,0.4533333333333333
38400,21826,1358,23184,0.9414251207729468
38410,15164,942,16106,0.9415124798211847
38420,2146,574,2720,0.7889705882352941
38430,367,92,459,0.7995642701525054
38440,621,51,672,0.9241071428571429
38450,272,74,346,0.7861271676300579
38460,176,44,220,0.8
38480,85,89,174,0.4885057471264368
38490,77,33,110,0.7
38600,2289,232,2521,0.9079730265767553
38700,1863,256,2119,0.8791882963662104
38720,1131,127,1258,0.8990461049284578
38740,2050,178,2228,0.9201077199281867
39000,11617,1217,12834,0.9051737572074178
39110,254,61,315,0.8063492063492064
39120,8462,2954,11416,0.741240364400841
39140,27037,2109,29146,0.9276401564537158
39150,8155,1090,9245,0.8820984315846403
39160,1673,1237,2910,0.574914089347079
39190,3316,740,4056,0.8175542406311637
39200,2119,651,2770,0.7649819494584837
39210,71685,11071,82756,0.8662211803373774
39391,0,0,0,0.0
39392,0,0,0,0.0
39500,9628,2154,11782,0.8171787472415549
39510,15272,1024,16296,0.9371624938635248
39520,420,147,567,0.7407407407407407
39530,1934,234,2168,0.8920664206642066
39540,2437,330,2767,0.8807372605710155
39550,971,318,1289,0.7532971295577967
39560,159,463,622,0.25562700964630225
39630,270,113,383,0.7049608355091384
39640,206,66,272,0.7573529411764706
39650,583,238,821,0.7101096224116931
39660,183,72,255,0.7176470588235294
39670,921,396,1317,0.6993166287015945
39680,3283,684,3967,0.8275775144945803
39690,1728,1376,3104,0.5567010309278351
39800,2448,321,2769,0.8840736728060672
39900,14,17,31,0.45161290322580644
40100,11156,1487,12643,0.8823855097682513
40200,11,3,14,0.7857142857142857
40210,12,2,14,0.8571428571428571
40300,9064,1133,10197,0.8888888888888888
40320,155,24,179,0.8659217877094972
40330,406,66,472,0.8601694915254238
40340,186,31,217,0.8571428571428571
40350,478,46,524,0.9122137404580153
40380,1050,250,1300,0.8076923076923077
40390,5205,1303,6508,0.7997848801475107
40400,1306,277,1583,0.8250157927984839
40420,151,87,238,0.634453781512605
40500,17,49,66,0.25757575757575757
40700,17697,877,18574,0.9527834607515883
40720,2318,342,2660,0.8714285714285714
40800,34263,1992,36255,0.9450558543649152
40930,404,54,458,0.8820960698689956
40950,9685,454,10139,0.9552224085215505
40960,4851,609,5460,0.8884615384615384
40970,19958,491,20449,0.9759890459191158
40980,2243,322,2565,0.8744639376218324
40990,13793,1973,15766,0.8748572878345807
41000,7943,571,8514,0.9329339910735259
41014,800,81,881,0.9080590238365494
41050,3107,133,3240,0.9589506172839506
41060,1840,74,1914,0.9613375130616509
41070,24800,3267,28067,0.8835999572451634
41100,1480,558,2038,0.7262021589793916
41300,1767,158,1925,0.9179220779220779
41400,8,23,31,0.25806451612903225
41500,6471,657,7128,0.9078282828282829
41600,62,67,129,0.4806201550387597
41660,11,8,19,0.5789473684210527
41680,3,10,13,0.23076923076923078
41730,121,56,177,0.6836158192090396
41740,356,86,442,0.8054298642533937
41800,616,252,868,0.7096774193548387
41900,1045,345,1390,0.7517985611510791
42000,8,7,15,0.5333333333333333
42120,1576,616,2192,0.718978102189781
42140,245,101,346,0.708092485549133
42147,1,0,1,1.0
42170,516,410,926,0.5572354211663066
42200,94,18,112,0.8392857142857143
42210,250,72,322,0.7763975155279503
42220,197,23,220,0.8954545454545455
42230,111,47,158,0.7025316455696202
42500,264,167,431,0.6125290023201856
42670,5322,401,5723,0.9299318539227678
42700,37715,3765,41480,0.9092333654773385
42810,125,40,165,0.7575757575757576
42850,326,58,384,0.8489583333333334
42890,613,83,696,0.8807471264367817
42900,1,0,1,1.0
42910,27136,4522,31658,0.8571609071956535
42920,67,105,172,0.38953488372093026
42930,19,11,30,0.6333333333333333
42940,21,8,29,0.7241379310344828
42950,27,5,32,0.84375
42960,18211,1547,19758,0.9217026014778824
42980,186,78,264,0.7045454545454546
42990,419,529,948,0.4419831223628692
43000,735,449,1184,0.620777027027027
43100,196,54,250,0.784
43190,648,112,760,0.8526315789473684
43500,78,109,187,0.41711229946524064
43600,290,33,323,0.8978328173374613
44100,86,15,101,0.8514851485148515
44600,74,40,114,0.6491228070175439
44680,14,2,16,0.875
44690,299,37,336,0.8898809523809523
45100,1357,302,1659,0.8179626280892104
45200,55,4,59,0.9322033898305084
45300,461,263,724,0.6367403314917127
45400,864,72,936,0.9230769230769231
45410,176,134,310,0.567741935483871
45420,9,1,10,0.9
45450,531,54,585,0.9076923076923077
45720,262,154,416,0.6298076923076923
45740,6575,1839,8414,0.7814357024007607
45750,1986,1020,3006,0.6606786427145709
45760,14750,1582,16332,0.9031349497918197
45770,3144,937,4081,0.7703994119088459
46000,75,35,110,0.6818181818181818
46200,73,40,113,0.6460176991150443
46250,465,187,652,0.7131901840490797
46260,566,139,705,0.8028368794326242
46270,366,66,432,0.8472222222222222
46280,60,97,157,0.3821656050955414
46290,221,136,357,0.6190476190476191
46340,185,87,272,0.6801470588235294
46350,49,41,90,0.5444444444444444
46360,153,71,224,0.6830357142857143
46370,332,238,570,0.5824561403508772
46380,55,63,118,0.4661016949152542
46400,143,189,332,0.4307228915662651
46410,492,222,714,0.6890756302521008
46440,94,216,310,0.3032258064516129
46450,285,178,463,0.6155507559395248
46460,361,73,434,0.8317972350230415
46480,863,187,1050,0.8219047619047619
46490,246,310,556,0.44244604316546765
46500,5785,770,6555,0.8825324180015256
46510,2514,406,2920,0.8609589041095891
46520,185,131,316,0.5854430379746836
46540,323,460,783,0.4125159642401022
46550,243,186,429,0.5664335664335665
46560,1064,547,1611,0.6604593420235878
46570,135,122,257,0.5252918287937743
46600,43,19,62,0.6935483870967742
46700,14,39,53,0.2641509433962264
46710,18,26,44,0.4090909090909091
46720,7,19,26,0.2692307692307692
46730,12,40,52,0.23076923076923078
46740,39,86,125,0.312
46750,162,103,265,0.6113207547169811
46760,11,22,33,0.3333333333333333
46770,312,80,392,0.7959183673469388
46790,19,16,35,0.5428571428571428
46830,12,22,34,0.35294117647058826
46840,6,13,19,0.3157894736842105
46850,35,24,59,0.5932203389830508
47110,14,3,17,0.8235294117647058
47120,5,2,7,0.7142857142857143
47130,6,2,8,0.75
47400,1543,3182,4725,0.32656084656084655
47410,6027,3408,9435,0.63879173290938
47700,788,3977,4765,0.16537250786988458
47780,25617,1628,27245,0.94024591668196
47790,7974,2484,10458,0.7624784853700516
47810,25440,4084,29524,0.8616718601815472
47890,29020,4523,33543,0.8651581552037683
47920,1729,832,2561,0.6751269035532995
48000,54929,4526,59455,0.9238751997308889
48110,1122,1395,2517,0.44576877234803336
48150,16,3,19,0.8421052631578947
48190,21778,2835,24613,0.8848169666436436
48220,4344,4739,9083,0.4782560827920291
48240,7602,4969,12571,0.604725161085037
48700,165040,3845,168885,0.9772330283921011
48720,12129,1649,13778,0.8803164465089273
48800,1162,1118,2280,0.5096491228070176
48900,260,63,323,0.804953560371517
48950,474,75,549,0.8633879781420765
49000,100,21,121,0.8264462809917356
49300,95,89,184,0.5163043478260869
49320,32,28,60,0.5333333333333333
49330,111,57,168,0.6607142857142857
49520,275294,32802,308096,0.8935331844619859
49540,7291,4549,11840,0.6157939189189189
49600,7013,396,7409,0.9465514914293427
49800,103,147,250,0.412
49810,135,41,176,0.7670454545454546
49900,197,96,293,0.6723549488054608
50000,237,15,252,0.9404761904761905
50130,53390,3370,56760,0.9406272022551092
50510,78,106,184,0.42391304347826086
50620,11234,1352,12586,0.8925790560940727
50910,42,0,42,1.0
50920,19,8,27,0.7037037037037037
50930,14,5,19,0.7368421052631579
50940,27,3,30,0.9
50960,86,15,101,0.8514851485148515
50970,74,22,96,0.7708333333333334
50980,68,9,77,0.8831168831168831
50990,143,15,158,0.9050632911392406
51000,118,21,139,0.8489208633093526
51010,116,20,136,0.8529411764705882
51020,13,1,14,0.9285714285714286
51030,18,3,21,0.8571428571428571
51060,170,29,199,0.8542713567839196
55000,194,41,235,0.825531914893617
55020,46,40,86,0.5348837209302325
55040,1841,214,2055,0.8958637469586375
55100,7960,5025,12985,0.6130150173276858
55110,3585,1340,4925,0.7279187817258883
55140,3415,460,3875,0.8812903225806452
55150,29056,2622,31678,0.9172296230822653
55230,66033,2992,69025,0.9566533864541833
57000,122,13,135,0.9037037037037037
57200,443,50,493,0.8985801217038539
57300,32924,1886,34810,0.9458201666187876
57620,410,325,735,0.5578231292517006
57650,387,472,859,0.45052386495925495
57680,722,288,1010,0.7148514851485148
57690,11514,1035,12549,0.9175233086301697
57700,118,51,169,0.6982248520710059
57740,1262,472,1734,0.7277970011534025
57800,88,93,181,0.4861878453038674
57900,7797,3487,11284,0.6909783764622475
58200,308,41,349,0.8825214899713467
58230,108,21,129,0.8372093023255814
58400,51,95,146,0.3493150684931507
58520,839,274,1113,0.7538185085354897
58550,244,461,705,0.34609929078014184
58560,396,44,440,0.9
58570,581,114,695,0.8359712230215828
58610,2625,744,3369,0.7791629563668745
60340,79,40,119,0.6638655462184874
60350,156,20,176,0.8863636363636364
60600,40,25,65,0.6153846153846154
60700,10,32,42,0.23809523809523808
60800,96,100,196,0.4897959183673469
61100,201,60,261,0.7701149425287356
61310,163,55,218,0.7477064220183486
61500,794,217,1011,0.7853610286844708
61510,318,67,385,0.825974025974026
61520,558,65,623,0.8956661316211878
61600,498,81,579,0.8601036269430051
61730,335,19,354,0.9463276836158192
62000,502,43,545,0.9211009174311927
62100,722,48,770,0.9376623376623376
63000,844,198,1042,0.8099808061420346
63110,192,86,278,0.6906474820143885
63200,937,251,1188,0.7887205387205387
63380,22355,2965,25320,0.8828988941548184
63500,806,226,1032,0.7810077519379846
63610,1211,146,1357,0.89240972733972
63620,89,24,113,0.7876106194690266
63630,49,20,69,0.7101449275362319
63640,31,20,51,0.6078431372549019
63650,136,40,176,0.7727272727272727
63660,868,140,1008,0.8611111111111112
63700,704,169,873,0.8064146620847652
63710,3377,561,3938,0.8575418994413407
63800,255,164,419,0.6085918854415274
63900,256,43,299,0.8561872909698997
63910,1383,127,1510,0.9158940397350993
63940,829,455,1284,0.6456386292834891
63950,673,336,1009,0.6669970267591675
63960,90,108,198,0.45454545454545453
64000,4411,627,5038,0.8755458515283843
65070,70,61,131,0.5343511450381679
65080,136,36,172,0.7906976744186046
65200,38,60,98,0.3877551020408163
65300,2069,287,2356,0.8781833616298812
65400,154,35,189,0.8148148148148148
65500,129,83,212,0.6084905660377359
65530,228,149,377,0.6047745358090185
65540,15487,1288,16775,0.9232190760059612
65560,337,393,730,0.46164383561643835
65600,640,647,1287,0.4972804972804973
65610,359,496,855,0.4198830409356725
65730,422,334,756,0.5582010582010583
65740,554,603,1157,0.4788245462402766
65780,982,316,1298,0.7565485362095532
65790,4930,1245,6175,0.7983805668016194
65800,17198,1269,18467,0.9312828288298045
65930,8364,3568,11932,0.7009721756620851
65980,13763,9092,22855,0.6021877050973529
67000,362,136,498,0.7269076305220884
67370,18622,1712,20334,0.9158060391462575
70000,12699,2389,15088,0.8416622481442205
70100,736,343,1079,0.6821130676552364
70110,269,173,442,0.6085972850678733
70120,184,350,534,0.3445692883895131
70300,9869,384,10253,0.9625475470593973
70400,7068,290,7358,0.9605871160641478
70420,565,183,748,0.7553475935828877
70500,44,16,60,0.7333333333333333
70600,5334,681,6015,0.886783042394015
70620,598,148,746,0.8016085790884718
70640,560,108,668,0.8383233532934131
70650,192,153,345,0.5565217391304348
70660,255,236,491,0.5193482688391039
70900,278,59,337,0.8249258160237388
71000,335,99,434,0.771889400921659
71250,16088,1480,17568,0.9157559198542805
71340,23742,1641,25383,0.9353504313910885
72000,845,143,988,0.8552631578947368
72400,297,97,394,0.7538071065989848
72900,178,93,271,0.6568265682656826
73010,830,244,1074,0.7728119180633147
73020,1123,395,1518,0.7397891963109354
73170,1833,212,2045,0.8963325183374083
73190,67,70,137,0.48905109489051096
73210,288,181,469,0.6140724946695096
78000,7309,304,7613,0.9600683042164718
80000,52,127,179,0.2905027932960894
80200,349,96,445,0.7842696629213484
80300,127,39,166,0.7650602409638554
80310,1631,219,1850,0.8816216216216216
80330,1426,166,1592,0.8957286432160804
80340,710,45,755,0.9403973509933775
80350,608,23,631,0.9635499207606973
80360,599,25,624,0.9599358974358975
90200,889,77,966,0.9202898550724637
90400,91,18,109,0.8348623853211009
91100,1036,138,1174,0.8824531516183987
91200,4055,605,4660,0.8701716738197425
91330,508,348,856,0.5934579439252337
91600,2974,361,3335,0.8917541229385307
91700,6661,1219,7880,0.8453045685279188
91800,157,13,170,0.9235294117647059
91810,40,8,48,0.8333333333333334
91900,1273,243,1516,0.8397097625329816
92000,1427,938,2365,0.6033826638477802
92100,1089,686,1775,0.6135211267605634
92300,631,280,911,0.6926454445664105
92400,37,11,48,0.7708333333333334
92600,135,51,186,0.7258064516129032
92700,38,96,134,0.2835820895522388
92800,4633,395,5028,0.9214399363564041
92900,93,90,183,0.5081967213114754
93200,1014,223,1237,0.8197251414713015
94000,453,377,830,0.5457831325301205
94200,2216,137,2353,0.9417764555886103
94300,1915,287,2202,0.8696639418710264
94400,7007,777,7784,0.9001798561151079
94590,972,145,1117,0.8701880035810206
94600,106,45,151,0.7019867549668874
94610,61,17,78,0.782051282051282
94620,232,27,259,0.8957528957528957
95300,830,261,1091,0.7607699358386801
95400,6032,688,6720,0.8976190476190476
95700,1015,70,1085,0.9354838709677419
95900,321,143,464,0.6918103448275862
96000,5687,834,6521,0.8721055052905996
96100,7350,1185,8535,0.8611599297012302
96200,221,146,367,0.6021798365122616
96800,180,155,335,0.5373134328358209
96900,27,25,52,0.5192307692307693
97000,1979,194,2173,0.9107225034514496
97110,97,17,114,0.8508771929824561
97120,131,16,147,0.891156462585034
97130,253,16,269,0.9405204460966543
98100,471,215,686,0.6865889212827988
98200,2165,448,2613,0.8285495598928435
98300,1315,161,1476,0.8909214092140921
98400,3986,890,4876,0.817473338802297
98500,165,134,299,0.5518394648829431
98600,228,63,291,0.7835051546391752
98800,5027,328,5355,0.9387488328664799
98900,210,115,325,0.6461538461538462
99100,149,344,493,0.3022312373225152
99120,53,30,83,0.6385542168674698
99300,2400,419,2819,0.8513657325292657
99400,183,202,385,0.4753246753246753
99410,44,98,142,0.30985915492957744
99700,897,115,1012,0.8863636363636364
99900,19912,3879,23791,0.8369551511075617
99910,1733,438,2171,0.7982496545370796
102200,286,100,386,0.7409326424870466
102400,24,9,33,0.7272727272727273
102500,11388,1560,12948,0.8795180722891566
102600,7982,342,8324,0.9589139836617011
102810,150,30,180,0.8333333333333334
102840,2905,617,3522,0.8248154457694492
102850,273,137,410,0.6658536585365854
104000,179,64,243,0.7366255144032922
104020,99,47,146,0.678082191780822
104100,66,30,96,0.6875
104200,3978,701,4679,0.8501816627484505
104600,619,195,814,0.7604422604422605
104900,21419,7000,28419,0.7536859143530736
105000,1518,510,2028,0.7485207100591716
105100,234,267,501,0.46706586826347307
105300,301,136,437,0.6887871853546911
105420,257,66,323,0.7956656346749226
105600,1419986,37368,1457354,0.97435900954744
105700,82,56,138,0.5942028985507246
105800,629,163,792,0.7941919191919192
107100,35971,1773,37744,0.9530256464603646
107200,2835,290,3125,0.9072
107300,1209,235,1444,0.8372576177285319
107310,3170,283,3453,0.9180422820735592
107410,260893,27471,288364,0.904734987723849
107600,1462,76,1538,0.9505851755526658
108110,47,103,150,0.31333333333333335
108500,716,99,815,0.8785276073619632
108600,391021,23968,414989,0.9422442522572887
108700,598,246,844,0.7085308056872038
108710,48660,5289,53949,0.9019629650225213
108800,11690,2009,13699,0.85334695963209
109200,91,31,122,0.7459016393442623
109500,106,77,183,0.5792349726775956
109600,30287,8744,39031,0.7759729445825113
109700,72,40,112,0.6428571428571429
110400,138,49,187,0.7379679144385026
110500,70,34,104,0.6730769230769231
110600,38,29,67,0.5671641791044776
110610,56,20,76,0.7368421052631579
110630,36,14,50,0.72
110800,30095,4976,35071,0.8581163924610077
111000,50,37,87,0.5747126436781609
111010,50,29,79,0.6329113924050633
111100,379,88,467,0.8115631691648822
111300,41,15,56,0.7321428571428571
111400,212,222,434,0.48847926267281105
111600,709,149,858,0.8263403263403264
111800,604,171,775,0.7793548387096774
112100,494,115,609,0.8111658456486043
113020,7719,806,8525,0.9054545454545454
113200,58189,3181,61370,0.948166856770409
113400,23757,13673,37430,0.6347047822602191
113420,4500,3054,7554,0.5957108816521048
115100,3750,248,3998,0.9379689844922461
115110,1617,195,1812,0.8923841059602649
115120,1008,173,1181,0.8535139712108383
115200,365,264,629,0.5802861685214626
115210,452,211,663,0.6817496229260935
115220,415,171,586,0.7081911262798635
115300,34350,4328,38678,0.8881017632762811
115320,11726,3660,15386,0.7621214090731834
115800,5011,979,5990,0.8365609348914859
116100,239,163,402,0.5945273631840796
116120,143,33,176,0.8125
200010,1776,326,2102,0.8449096098953378
200020,250,249,499,0.501002004008016
200080,323,72,395,0.8177215189873418
200130,178,52,230,0.7739130434782608
200150,194,177,371,0.522911051212938
200170,7761,1132,8893,0.8727088721466322
200190,72,51,123,0.5853658536585366
200210,39062,8130,47192,0.827725038142058
200230,445,248,693,0.6421356421356421
200260,69948,2802,72750,0.9614845360824742
200370,346,201,547,0.6325411334552102
200390,304,220,524,0.5801526717557252
200410,56,53,109,0.5137614678899083
200490,134,69,203,0.6600985221674877
200510,53532,3913,57445,0.9318826703803639
200550,120,188,308,0.38961038961038963
200670,100,224,324,0.30864197530864196
200710,41563,3273,44836,0.9270006244981711
200900,7257,558,7815,0.928598848368522
200910,1240,200,1440,0.8611111111111112
200960,361,29,390,0.9256410256410257
200980,72,10,82,0.8780487804878049
200990,46,8,54,0.8518518518518519
201000,41,6,47,0.8723404255319149
201010,111,9,120,0.925
201070,253,195,448,0.5647321428571429
201210,667,206,873,0.7640320733104238
201230,2217,573,2790,0.7946236559139785
201270,60001,5415,65416,0.9172220863397333
201271,1143,507,1650,0.6927272727272727
201290,620,182,802,0.773067331670823
201420,914,160,1074,0.851024208566108
201480,397,405,802,0.49501246882793015
201490,100,470,570,0.17543859649122806
201510,753,3380,4133,0.18219211226711832
201570,1417,471,1888,0.7505296610169492
201790,17979,1437,19416,0.9259888751545118
201810,54260,4972,59232,0.9160588870880605
201870,16106,2959,19065,0.8447941253606085
202130,204,244,448,0.45535714285714285
202170,16217,956,17173,0.9443312176090375
202200,1291,386,1677,0.7698270721526536
202310,1109,693,1802,0.6154273029966704
202370,62,31,93,0.6666666666666666
202410,118,24,142,0.8309859154929577
202530,1438,2148,3586,0.40100390407138875
202670,239,25,264,0.9053030303030303
202690,204,10,214,0.9532710280373832
202710,960,314,1274,0.7535321821036107
202730,362,60,422,0.8578199052132701
202750,7209,2578,9787,0.736589353223664
202860,62,71,133,0.46616541353383456
202970,41462,6612,48074,0.8624620376918917
203140,54809,4103,58912,0.9303537479630636
203160,245581,10059,255640,0.9606516976998905
203210,881,93,974,0.9045174537987679
203290,8659,2322,10981,0.7885438484655314
203350,1553,388,1941,0.8001030396702731
203510,741,134,875,0.8468571428571429
203560,227,63,290,0.7827586206896552
203630,2244,359,2603,0.8620822128313484
203650,1602,556,2158,0.742354031510658
203750,6789,1128,7917,0.8575217885562714
203770,66162,6902,73064,0.9055348735355305
203830,2103,317,2420,0.8690082644628099
203990,273,50,323,0.8452012383900929
204030,7300,595,7895,0.9246358454718177
204060,2035,593,2628,0.7743531202435312
204100,51887,7954,59841,0.8670810982436791
204120,2891,349,3240,0.8922839506172839
204180,1768,369,2137,0.827328029948526
204220,190,68,258,0.7364341085271318
204240,3759,559,4318,0.8705419175544233
204300,22756,4146,26902,0.8458850643074864
204340,12016,1353,13369,0.8987957214451343
204360,128002,5050,133052,0.9620449147701651
204390,98,24,122,0.8032786885245902
204440,189,36,225,0.84
204450,40066,2111,42177,0.9499490243497641
204530,2807,192,2999,0.9359786595531844
204560,93,262,355,0.2619718309859155
204580,40,6,46,0.8695652173913043
204630,2124,291,2415,0.8795031055900621
204860,521,209,730,0.7136986301369863
204880,15048,1105,16153,0.9315916548009657
204940,147,92,239,0.6150627615062761
205020,1187,180,1367,0.8683247988295537
205060,90,64,154,0.5844155844155844
205070,74,22,96,0.7708333333333334
205080,94,45,139,0.6762589928057554
205100,82201,2018,84219,0.9760386611097258
205230,3145,542,3687,0.8529970165446162
205530,54,49,103,0.5242718446601942
205550,188,122,310,0.6064516129032258
205610,1128,407,1535,0.7348534201954398
205650,2958,742,3700,0.7994594594594595
205690,268,72,340,0.788235294117647
205710,2010,541,2551,0.7879263034104272
205730,765,114,879,0.8703071672354948
205810,203,125,328,0.6189024390243902
205830,328,26,354,0.9265536723163842
205840,827,165,992,0.8336693548387096
205870,250,48,298,0.8389261744966443
205910,3772,345,4117,0.9162011173184358
205990,886,385,1271,0.6970889063729347
206020,91,17,108,0.8425925925925926
206040,35,6,41,0.8536585365853658
206060,68,9,77,0.8831168831168831
206190,12880,323,13203,0.9755358630614255
206230,58,29,87,0.6666666666666666
206250,106,59,165,0.6424242424242425
206370,889,82,971,0.9155509783728115
206410,35,9,44,0.7954545454545454
206420,67831,9471,77302,0.8774805309047632
206440,80092,3144,83236,0.9622278821663703
206480,5393,2168,7561,0.7132654410792223
206500,9045,1712,10757,0.8408478200241704
206610,270,378,648,0.4166666666666667
206690,490,103,593,0.8263069139966274
206760,197,259,456,0.43201754385964913
207000,112,118,230,0.48695652173913045
207020,530,115,645,0.8217054263565892
207040,767,172,939,0.8168264110756124
207080,1728,146,1874,0.9220917822838848
207140,34693,2207,36900,0.940189701897019
207170,6098,414,6512,0.9364250614250614
207190,99,84,183,0.5409836065573771
207230,5582,2036,7618,0.7327382515095826
207250,363,148,511,0.7103718199608611
207320,1906,123,2029,0.9393790044356826
207350,3254,243,3497,0.9305118673148413
207420,692,298,990,0.6989898989898989
207430,390,360,750,0.52
207490,5181,330,5511,0.9401197604790419
207530,580,49,629,0.9220985691573926
207570,352,85,437,0.8054919908466819
207610,75018,2063,77081,0.9732359466016268
207650,419,329,748,0.5601604278074866
207670,31,43,74,0.4189189189189189
207690,6113,295,6408,0.9539637952559301
207710,31,17,48,0.6458333333333334
207730,122,264,386,0.3160621761658031
207750,1258,239,1497,0.8403473613894455
207790,141,256,397,0.35516372795969775
207930,813,371,1184,0.6866554054054054
208110,165,95,260,0.6346153846153846
208140,7634,1841,9475,0.8056992084432718
208200,10203,1621,11824,0.862905953991881
208400,1162,109,1271,0.9142407553107789
208460,16,47,63,0.25396825396825395
208520,1582,788,2370,0.6675105485232068
208580,23383,1606,24989,0.9357317219576614
208600,547,126,673,0.812778603268945
208620,100,53,153,0.6535947712418301
208630,97,33,130,0.7461538461538462
208640,84,13,97,0.865979381443299
208650,132657,16146,148803,0.8914941231023568
208670,2037,554,2591,0.7861829409494404
208710,25,10,35,0.7142857142857143
208730,1691,645,2336,0.7238869863013698
208750,3401,383,3784,0.898784355179704
209000,54441,6320,60761,0.8959859120159313
209060,549,109,658,0.8343465045592705
209080,13181,1474,14655,0.8994199931763903
209120,1323,1091,2414,0.548053024026512
209160,20342,11003,31345,0.6489711277715744
209190,1066,135,1201,0.88759367194005
209230,747,98,845,0.8840236686390532
209330,312,205,517,0.6034816247582205
209360,62,20,82,0.7560975609756098
209370,2128,158,2286,0.9308836395450568
209540,1283,380,1663,0.7714972940469031
209610,65,52,117,0.5555555555555556
209630,814,296,1110,0.7333333333333333
209650,16415,8840,25255,0.6499703029103148
209670,4326,1704,6030,0.7174129353233831
209690,223,114,337,0.6617210682492581
209730,414,397,811,0.5104808877928483
209750,95,80,175,0.5428571428571428
209790,511,74,585,0.8735042735042735
209830,1109,192,1301,0.8524212144504227
209850,42,21,63,0.6666666666666666
209950,743,65,808,0.9195544554455446
210170,178,84,262,0.6793893129770993
210230,114,14,128,0.890625
210770,12880,1434,14314,0.8998183596478971
210950,807,94,901,0.8956714761376249
210970,16736,3041,19777,0.8462355261161956
211010,497,112,609,0.8160919540229885
211070,1092,410,1502,0.7270306258322237
211160,1178,1170,2348,0.5017035775127768
211180,435,36,471,0.9235668789808917
211260,2106,426,2532,0.8317535545023697
211280,180,128,308,0.5844155844155844
211340,917,98,1015,0.903448275862069
211360,488,105,593,0.8229342327150084
211400,9997,2705,12702,0.7870414108014486
211440,1024,178,1202,0.8519134775374376
211500,19554,6210,25764,0.7589659990684676
211580,264,242,506,0.5217391304347826
211600,3691,303,3994,0.9241362043064597
211740,1909,110,2019,0.9455175829618623
211780,907,376,1283,0.7069368667186282
211800,109,38,147,0.7414965986394558
211820,110520,12031,122551,0.9018286264493965
211900,263,63,326,0.8067484662576687
211970,206,129,335,0.6149253731343284
212010,1669,516,2185,0.7638443935926773
212030,888,252,1140,0.7789473684210526
212050,498,61,559,0.8908765652951699
212070,10904,4082,14986,0.727612438275724
212110,146,56,202,0.7227722772277227
212160,5324,2562,7886,0.6751204666497591
212200,3030,1047,4077,0.7431935246504783
212390,1005,401,1406,0.7147937411095305
212410,425,259,684,0.6213450292397661
212480,16308,1151,17459,0.9340741165015178
212500,17877,4144,22021,0.811815993824077
212630,4042,1723,5765,0.7011274934952298
212680,73009,3681,76690,0.9520015647411657
212700,99,102,201,0.4925373134328358
212780,588,250,838,0.7016706443914081
212800,5752,712,6464,0.8898514851485149
213030,508,85,593,0.8566610455311973
213330,7976,454,8430,0.9461447212336892
213350,103,55,158,0.6518987341772152
213390,11,6,17,0.6470588235294118
213610,23853,2892,26745,0.8918676388109927
213650,1437,245,1682,0.8543400713436385
213670,68799,1722,70521,0.9755817416088824
214100,30,27,57,0.5263157894736842
214150,147,150,297,0.494949494949495
214170,3202,436,3638,0.880153930731171
214340,10736,1597,12333,0.8705100137841564
214360,1264,486,1750,0.7222857142857143
214420,6237,2114,8351,0.7468566638725901
214490,58958,4327,63285,0.9316267677964762
214510,13454,1468,14922,0.9016217665192333
214550,616,155,771,0.7989623865110247
214560,15379,475,15854,0.9700391068500063
214570,240,72,312,0.7692307692307693
214590,936,168,1104,0.8478260869565217
214700,1178,683,1861,0.6329930145083289
214730,6563,388,6951,0.9441806934254064
214770,5552,410,5962,0.9312311304931231
214790,1335,206,1541,0.8663205710577547
214830,1268,206,1474,0.8602442333785617
214870,3329,937,4266,0.7803563056727614
214910,299,254,553,0.5406871609403255
214950,73965,10760,84725,0.8730008852168781
214970,1945,227,2172,0.89548802946593
215080,8010,2520,10530,0.7606837606837606
215100,286,90,376,0.7606382978723404
215160,1931,187,2118,0.9117091595845137
215280,6167,2982,9149,0.6740627390971691
215390,12,7,19,0.631578947368421
215450,51,3,54,0.9444444444444444
215470,4450,1366,5816,0.765130674002751
215510,2499,641,3140,0.795859872611465
215530,8411,1740,10151,0.8285883164220273
215550,152,195,347,0.43804034582132567
215630,672,329,1001,0.6713286713286714
215670,1184,579,1763,0.6715825297787862
215690,1090,305,1395,0.7813620071684588
215710,440,73,513,0.8576998050682261
215770,70,57,127,0.5511811023622047
215790,432,551,983,0.43947100712105797
215830,3313,1210,4523,0.732478443510944
215870,166,220,386,0.43005181347150256
215930,1459,386,1845,0.7907859078590785
216090,533,79,612,0.8709150326797386
216130,52,110,162,0.32098765432098764
216150,9222,5283,14505,0.6357807652533609
216210,139,54,193,0.7202072538860104
216260,695,102,797,0.8720200752823086
216290,223,26,249,0.8955823293172691
216330,9,3,12,0.75
216670,66,5,71,0.9295774647887324
216890,1442,340,1782,0.8092031425364759
216910,1529,548,2077,0.7361579200770342
216930,58,18,76,0.7631578947368421
217100,612,627,1239,0.4939467312348668
217120,297,24,321,0.9252336448598131
217140,1657,858,2515,0.6588469184890656
217200,9847,591,10438,0.9433799578463307
217270,270,110,380,0.7105263157894737
217290,212,34,246,0.8617886178861789
217690,977,633,1610,0.606832298136646
217750,1963,869,2832,0.6931497175141242
217790,897,241,1138,0.7882249560632689
217920,2366,1134,3500,0.676
218020,91,12,103,0.883495145631068
218040,59,51,110,0.5363636363636364
218060,2800,251,3051,0.9177318911832186
218090,783,219,1002,0.781437125748503
218230,59841,14313,74154,0.806982765595922
218410,3310,167,3477,0.9519700891573195
218510,884,319,1203,0.7348295926849543
218620,595996,71773,667769,0.8925182211213758
218640,8659,2011,10670,0.8115276476101219
218660,136,38,174,0.7816091954022989
218680,11326,727,12053,0.9396830664564839
218700,108,43,151,0.7152317880794702
218740,2021,405,2426,0.8330585325638912
218820,1715,721,2436,0.7040229885057471
219070,11,23,34,0.3235294117647059
219150,113992,3474,117466,0.9704254848211398
219190,612,81,693,0.8831168831168831
219200,306,65,371,0.8247978436657682
219640,53892,11397,65289,0.825437669438956
219680,2100,663,2763,0.760043431053203
219700,451,254,705,0.6397163120567376
219740,107665,3806,111471,0.9658565905033596
219760,384,376,760,0.5052631578947369
219780,4188,756,4944,0.8470873786407767
219830,4387,818,5205,0.8428434197886647
219890,16524,851,17375,0.951021582733813
219910,2882,369,3251,0.8864964626268841
219990,96289,6428,102717,0.9374202907016366
220090,1122,170,1292,0.868421052631579
220160,1776,583,2359,0.7528613819415007
220200,124714,6268,130982,0.9521460964101938
220240,107756,13370,121126,0.8896190743523273
220260,4917,398,5315,0.9251175917215428
220420,82,7,89,0.9213483146067416
220440,28840,2098,30938,0.9321869545542698
220460,765,160,925,0.827027027027027
220660,661,820,1481,0.4463200540175557
220740,2596,272,2868,0.905160390516039
220780,8740,587,9327,0.9370644365819664
220820,3330,661,3991,0.8343773490353295
220860,3306,624,3930,0.8412213740458016
220900,227,134,361,0.628808864265928
221020,745,2061,2806,0.2655024946543122
221040,45733,12638,58371,0.7834883760771616
221100,345190,101409,446599,0.7729305260423781
221180,757,94,851,0.8895417156286721
221260,12607,677,13284,0.9490364348087925
221380,97720,4276,101996,0.9580767873249931
221540,2796,444,3240,0.8629629629629629
221640,24067,779,24846,0.9686468646864687
221680,21707,2849,24556,0.8839794754846066
221810,2493,361,2854,0.873510861948143
221830,379,73,452,0.838495575221239
221910,41818,3409,45227,0.9246246711035443
222140,369,135,504,0.7321428571428571
222160,356,201,557,0.6391382405745063
222180,29,18,47,0.6170212765957447
222420,2674,268,2942,0.9089055064581917
222440,4716,254,4970,0.9488933601609658
222480,13031,3065,16096,0.8095800198807157
222500,23,20,43,0.5348837209302325
222520,829,382,1211,0.6845582163501238
222606,39,1,40,0.975
222615,0,0,0,0.0
222618,55,11,66,0.8333333333333334
222640,614,226,840,0.7309523809523809
222660,331,62,393,0.8422391857506362
222730,4606,1274,5880,0.7833333333333333
222750,3867,566,4433,0.8723212271599369
222880,114305,10435,124740,0.9163459996793331
222980,2112,310,2422,0.8720066061106524
223000,261,44,305,0.8557377049180328
223100,10146,6556,16702,0.6074721590228715
223220,1480,425,1905,0.7769028871391076
223330,1721,621,2342,0.7348420153714774
223410,578,222,800,0.7225
223430,138,246,384,0.359375
223450,176,52,228,0.7719298245614035
223470,121434,3827,125261,0.9694477930081988
223490,414,484,898,0.4610244988864143
223510,944,277,1221,0.7731367731367731
223630,419,267,686,0.6107871720116618
223710,70472,9006,79478,0.8866856236946073
223730,440,66,506,0.8695652173913043
223750,33019,5800,38819,0.8505886292794765
223810,2558,310,2868,0.8919107391910739
223830,4327,648,4975,0.869748743718593
224000,411,131,542,0.7583025830258303
224040,300,70,370,0.8108108108108109
224260,67609,7583,75192,0.8991515054793063
224300,1046,182,1228,0.8517915309446255
224460,5049,516,5565,0.907277628032345
224480,9761,621,10382,0.9401849354652283
224500,2659,872,3531,0.7530444633248372
224760,14710,1161,15871,0.9268477096591267
224820,1641,68,1709,0.9602106495026331
224860,316,667,983,0.3214649033570702
224880,0,0,0,0.0
224900,811,471,1282,0.6326053042121685
224940,699,355,1054,0.6631878557874763
224960,3906,666,4572,0.8543307086614174
224980,1203,204,1407,0.8550106609808102
225000,635,237,872,0.7282110091743119
225020,987,630,1617,0.6103896103896104
225080,38846,2292,41138,0.9442850892119209
225160,3184,355,3539,0.8996891777338231
225260,18398,1334,19732,0.9323940806811271
225280,1050,198,1248,0.8413461538461539
225300,2019,305,2324,0.8687607573149742
225320,1275,238,1513,0.8426966292134831
225360,737,635,1372,0.5371720116618076
225420,1435,1054,2489,0.5765367617517075
225540,104776,19763,124539,0.8413107540609769
225600,3177,1613,4790,0.6632567849686848
225640,2752,863,3615,0.7612724757952973
225840,29752,2032,31784,0.9360684621193053
226100,831,253,1084,0.7666051660516605
226120,399,211,610,0.6540983606557377
226280,43,4,47,0.9148936170212766
226560,1017,635,1652,0.6156174334140436
226620,1944,378,2322,0.8372093023255814
226700,10630,14802,25432,0.41797735136835484
226720,2385,1422,3807,0.6264775413711584
226740,936,259,1195,0.7832635983263598
226780,85,56,141,0.6028368794326241
226820,284,22,306,0.9281045751633987
226840,10177,2518,12695,0.8016541945647893
226860,7923,2422,10345,0.7658772353794103
226960,424,193,617,0.6871961102106969
227000,3240,113,3353,0.9662988368625112
227020,311,199,510,0.6098039215686275
227060,271,178,449,0.6035634743875279
227080,2665,186,2851,0.9347597334268678
227100,4109,534,4643,0.8849881542106397
227160,270,1284,1554,0.17374517374517376
227180,1876,915,2791,0.6721605159441061
227200,1055,133,1188,0.8880471380471381
227220,1688,236,1924,0.8773388773388774
227300,855900,21988,877888,0.9749535248232121
227380,527,158,685,0.7693430656934307
227560,377,206,583,0.6466552315608919
227580,2107,231,2338,0.9011976047904192
227600,3722,391,4113,0.9049355701434476
227760,256,125,381,0.6719160104986877
227780,3297,361,3658,0.9013121924548934
227860,6684,3643,10327,0.6472354023433717
228200,16706,998,17704,0.9436285585178491
228260,1861,636,2497,0.7452943532238686
228280,15644,1306,16950,0.9229498525073746
228300,13646,2774,16420,0.8310596833130329
228320,103,122,225,0.4577777777777778
228360,2806,248,3054,0.9187950229207597
228380,34692,4662,39354,0.8815368196371398
228440,158,73,231,0.683982683982684
228760,1502,344,1846,0.8136511375947996
228960,748,81,829,0.902291917973462
229480,1540,348,1888,0.815677966101695
229520,336,200,536,0.6268656716417911
229560,23,19,42,0.5476190476190477
229580,557,433,990,0.5626262626262626
229600,134,150,284,0.47183098591549294
229810,308,182,490,0.6285714285714286
229870,728,123,851,0.8554641598119859
229890,163,39,202,0.806930693069307
229970,73,35,108,0.6759259259259259
230050,5507,732,6239,0.8826735053694502
230070,3181,694,3875,0.8209032258064516
230150,259,98,357,0.7254901960784313
230190,6828,1120,7948,0.8590840463009562
230210,377,63,440,0.8568181818181818
230230,10827,986,11813,0.9165326335393211
230270,3173,214,3387,0.9368172423974018
230290,28236,1050,29286,0.9641466912517926
230330,99,20,119,0.8319327731092437
230410,561039,80281,641320,0.8748191230586915
230650,182,170,352,0.5170454545454546
230700,2009,519,2528,0.7946993670886076
230760,8,14,22,0.36363636363636365
230820,2923,343,3266,0.894978567054501
230840,793,782,1575,0.5034920634920635
230860,729,68,797,0.9146800501882058
230980,321,209,530,0.6056603773584905
231020,70,33,103,0.6796116504854369
231040,894,294,1188,0.7525252525252525
231060,1855,1341,3196,0.5804130162703379
231140,951,679,1630,0.5834355828220859
231160,7020,440,7460,0.9410187667560321
231200,3450,845,4295,0.8032596041909197
231310,343,249,592,0.5793918918918919
231330,1895,692,2587,0.732508697332818
231430,88019,23340,111359,0.7904076006429656
231720,127,246,373,0.34048257372654156
231740,2673,564,3237,0.8257645968489342
232010,6229,1214,7443,0.8368937256482601
232050,1891,881,2772,0.6821789321789322
232090,112604,14939,127543,0.882870874920615
232430,13986,4147,18133,0.771300943032041
232750,2221,730,2951,0.7526262283971535
232770,11375,1087,12462,0.9127748354999198
232790,6762,1317,8079,0.8369847753434831
232890,12711,4861,17572,0.7233667197814705
232910,5862,746,6608,0.8871065375302664
232950,364,411,775,0.4696774193548387
232970,676,116,792,0.8535353535353535
233110,75,113,188,0.39893617021276595
233130,24323,2114,26437,0.9200363127435034
233150,4045,411,4456,0.9077648114901257
233190,1079,199,1278,0.8442879499217527
233210,106,220,326,0.32515337423312884
233230,1276,456,1732,0.7367205542725174
233270,16208,2293,18501,0.8760607534727852
233290,14522,2411,16933,0.8576153073879407
233310,163,38,201,0.8109452736318408
233350,918,119,1037,0.8852459016393442
233370,610,198,808,0.754950495049505
233410,185,35,220,0.8409090909090909
233450,64904,7723,72627,0.8936621366709351
233470,4888,1034,5922,0.8253968253968254
233510,105,58,163,0.6441717791411042
233530,53,142,195,0.2717948717948718
233550,1642,331,1973,0.8322351748606184
233610,6813,559,7372,0.9241725447639718
233700,1291,254,1545,0.8355987055016181
233720,13658,2965,16623,0.8216326776153522
233740,2748,374,3122,0.8802049967969251
233800,460,67,527,0.872865275142315
233840,2481,677,3158,0.785623812539582
233860,101407,4726,106133,0.9554709656751434
233980,7373,693,8066,0.9140838085792214
234080,7921,1870,9791,0.809008272903687
234140,79744,6679,86423,0.922717332191662
234160,507,111,618,0.8203883495145631
234190,3320,840,4160,0.7980769230769231
234270,6751,548,7299,0.9249212220852171
234290,270,148,418,0.645933014354067
234330,3077,1364,4441,0.6928619680252196
234350,131,33,164,0.7987804878048781
234370,28,65,93,0.3010752688172043
234390,2448,434,2882,0.84941013185288
234490,524,346,870,0.6022988505747127
234510,107,1,108,0.9907407407407407
234650,11926,1559,13485,0.8843900630329996
234670,12686,1470,14156,0.8961571065272675
234900,1322,240,1562,0.8463508322663252
234920,341,101,442,0.7714932126696833
234940,1215,388,1603,0.7579538365564567
235070,144,115,259,0.555984555984556
235210,3324,799,4123,0.8062090710647587
235250,1359,207,1566,0.867816091954023
235320,2000,105,2105,0.9501187648456056
235360,791,255,1046,0.7562141491395793
235380,3939,3343,7282,0.5409228234001648
235460,82872,3423,86295,0.960333738918825
235520,278,80,358,0.776536312849162
235540,17031,4267,21298,0.7996525495351676
235600,16424,4265,20689,0.793851805307168
235620,1018,465,1483,0.6864463924477411
235660,366,74,440,0.8318181818181818
235720,355,123,478,0.7426778242677824
235800,4968,1027,5995,0.8286905754795663
235820,539,111,650,0.8292307692307692
235980,491,17,508,0.9665354330708661
236010,17,13,30,0.5666666666666667
236090,17914,899,18813,0.9522138946473183
236110,16961,4994,21955,0.772534730129811
236130,282,195,477,0.5911949685534591
236150,2850,1253,4103,0.6946136972946625
236290,21,5,26,0.8076923076923077
236370,4226,3643,7869,0.5370440970898462
236390,503404,188006,691410,0.728083192317149
236430,39702,5226,44928,0.8836805555555556
236450,7640,356,7996,0.9554777388694348
236490,34,18,52,0.6538461538461539
236510,2367,3340,5707,0.4147538111091642
236690,7093,1918,9011,0.7871490400621463
236730,827,218,1045,0.7913875598086124
236790,149,515,664,0.22439759036144577
236850,118114,16853,134967,0.8751324397815763
236930,952,20,972,0.9794238683127572
236970,37,38,75,0.49333333333333335
237310,7070,2555,9625,0.7345454545454545
237350,193,79,272,0.7095588235294118
237430,1234,328,1562,0.7900128040973111
237470,213,103,316,0.6740506329113924
237550,245,205,450,0.5444444444444444
237570,295,71,366,0.8060109289617486
237630,6660,930,7590,0.8774703557312253
237740,2788,366,3154,0.8839568801521877
237760,363,34,397,0.9143576826196473
237850,3691,787,4478,0.8242518981688254
237870,4239,2580,6819,0.6216454025516938
237890,1321,532,1853,0.7128980032379925
237930,29038,1844,30882,0.9402888413962827
237950,342,181,523,0.6539196940726577
237970,94,42,136,0.6911764705882353
237990,13973,1738,15711,0.889376869709121
238010,26505,2286,28791,0.9206001875586121
238050,310,33,343,0.9037900874635568
238070,1490,114,1604,0.928927680798005
238090,22760,4956,27716,0.8211863183720595
238240,908,1822,2730,0.3326007326007326
238260,3030,1091,4121,0.7352584324193157
238280,1193,440,1633,0.7305572565829761
238320,125458,4631,130089,0.9644012944983819
238370,11228,2371,13599,0.8256489447753511
238430,11349,4256,15605,0.7272669016340917
238460,70044,2013,72057,0.9720637828385861
238530,454,51,505,0.899009900990099
238630,221,89,310,0.7129032258064516
238750,2213,1134,3347,0.6611891245891843
238870,76,416,492,0.15447154471544716
238960,216394,26751,243145,0.8899792305003187
239030,74928,2085,77013,0.972926648747614
239070,5777,690,6467,0.8933044688418122
239090,422,34,456,0.9254385964912281
239120,2836,608,3444,0.8234610917537747
239140,451001,22460,473461,0.9525620906473817
239160,17579,5992,23571,0.7457893173815281
239200,8110,3555,11665,0.695242177453922
239250,5170,932,6102,0.8472631923959357
239350,15148,1292,16440,0.9214111922141119
239430,1557,329,1886,0.8255567338282078
239700,493,95,588,0.8384353741496599
239800,1756,137,1893,0.9276281035393555
239820,42184,2105,44289,0.9524712682607419
239840,1853,677,2530,0.7324110671936759
240320,3393,1749,5142,0.6598599766627772
240340,134,31,165,0.8121212121212121
240360,85,25,110,0.7727272727272727
240440,893,78,971,0.9196704428424305
240600,835,216,1051,0.7944814462416746
240620,152,102,254,0.5984251968503937
240660,122,50,172,0.7093023255813954
240720,65361,13972,79333,0.8238816129479536
240760,6667,1413,8080,0.8251237623762376
240970,508,47,555,0.9153153153153153
241000,206,291,497,0.41448692152917505
241240,1176,110,1286,0.9144634525660964
241260,6723,776,7499,0.8965195359381251
241300,165,32,197,0.8375634517766497
241320,1220,109,1329,0.9179834462001505
241410,1434,174,1608,0.8917910447761194
241540,14799,2711,17510,0.845174186179326
241600,17205,1379,18584,0.9257963839862247
241620,472,215,687,0.6870451237263464
241720,587,597,1184,0.49577702702702703
241760,204,91,295,0.6915254237288135
241910,2143,265,2408,0.8899501661129569
241930,86165,7027,93192,0.9245965318911494
242050,65769,8579,74348,0.8846102114381019
242110,263,168,431,0.6102088167053364
242130,353,380,733,0.4815825375170532
242530,299,139,438,0.682648401826484
242550,9863,1141,11004,0.8963104325699746
242640,9218,1864,11082,0.8317993142032124
242680,17949,717,18666,0.9615879138540662
242700,16923,2691,19614,0.8628020801468339
242720,7043,3621,10664,0.6604463615903976
242760,621107,29017,650124,0.955366976146089
242780,663,144,807,0.8215613382899628
242820,4298,348,4646,0.9250968575118381
242840,1331,356,1687,0.7889745109662122
242860,32327,5197,37524,0.8615019720712077
242880,3022,874,3896,0.7756673511293635
242920,38591,4100,42691,0.9039610222295097
242940,453,153,606,0.7475247524752475
242960,789,376,1165,0.6772532188841202
242980,587,524,1111,0.5283528352835284
243000,410,211,621,0.6602254428341385
243020,228,128,356,0.6404494382022472
243040,854,96,950,0.8989473684210526
243060,167,70,237,0.7046413502109705
243160,574,107,681,0.8428781204111601
243200,2149,252,2401,0.8950437317784257
243220,524,85,609,0.8604269293924466
243240,0,0,0,0.0
243280,186,57,243,0.7654320987654321
243360,496,121,617,0.8038897893030794
243450,1402,283,1685,0.8320474777448071
243470,37766,10170,47936,0.7878421228304406
243780,1010,245,1255,0.8047808764940239
243800,3488,558,4046,0.8620860108749382
243930,2671,1238,3909,0.683294960347915
243950,1791,632,2423,0.7391663227404045
243970,5194,492,5686,0.9134716848399578
244030,1103,914,2017,0.5468517600396628
244050,1491,1155,2646,0.5634920634920635
244070,553,254,807,0.6852540272614622
244090,278,168,446,0.6233183856502242
244160,12184,1660,13844,0.8800924588269287
244210,149798,11727,161525,0.9273982355672497
244410,221,79,300,0.7366666666666667
244430,1394,169,1563,0.891874600127959
244450,41368,4006,45374,0.9117115528716886
244590,749,395,1144,0.6547202797202797
244690,219,117,336,0.6517857142857143
244710,3133,549,3682,0.8508962520369364
244730,1532,298,1830,0.8371584699453551
244750,162,42,204,0.7941176470588235
244770,2012,965,2977,0.675848169297951
244810,519,133,652,0.7960122699386503
244850,117618,14708,132326,0.8888502637425751
244870,2954,337,3291,0.8975995138255849
244890,197,68,265,0.7433962264150943
244910,1114,311,1425,0.7817543859649123
244950,140,42,182,0.7692307692307693
245010,101,101,202,0.5
245050,176,175,351,0.5014245014245015
245150,772,263,1035,0.7458937198067633
245170,27898,3837,31735,0.8790924846384118
245280,6777,1106,7883,0.8596980844856019
245300,965,287,1252,0.7707667731629393
245370,350,601,951,0.36803364879074657
245390,2934,361,3295,0.8904400606980273
245410,209,64,273,0.7655677655677655
245430,218,49,267,0.8164794007490637
245450,1049,117,1166,0.8996569468267581
245470,5383,1869,7252,0.7422779922779923
245490,1616,784,2400,0.6733333333333333
245620,11207,3050,14257,0.7860700007014099
245730,318,225,543,0.585635359116022
246070,482,433,915,0.526775956284153
246090,781,3538,4319,0.18082889557768003
246110,1366,516,1882,0.7258235919234857
246300,293,229,522,0.5613026819923371
246360,26,40,66,0.3939393939393939
246420,15239,423,15662,0.9729919550504406
246580,3418,476,3894,0.8777606574216744
246620,54690,3246,57936,0.9439726594863297
246680,292,195,487,0.5995893223819302
246720,28,53,81,0.345679012345679
246740,81,191,272,0.2977941176470588
246760,1376,433,1809,0.7606412382531785
246800,36,52,88,0.4090909090909091
246820,22,5,27,0.8148148148148148
246840,4044,191,4235,0.9548996458087368
246880,27,67,94,0.2872340425531915
246900,21286,1770,23056,0.9232303955586398
246920,142,41,183,0.7759562841530054
246940,78,316,394,0.19796954314720813
246960,352,76,428,0.822429906542056
246980,155,68,223,0.695067264573991
247000,7689,2142,9831,0.782117790662191
247020,5360,314,5674,0.9446598519562919
247080,24868,1166,26034,0.9552124145348391
247140,727,83,810,0.8975308641975308
247240,1976,453,2429,0.8135034993824619
247310,47,68,115,0.40869565217391307
247350,419,46,465,0.9010752688172043
247370,462,156,618,0.7475728155339806
247430,2893,450,3343,0.8653903679329943
247660,3053,1569,4622,0.660536564257897
247710,0,0,0,0.0
247870,165,230,395,0.4177215189873418
247910,3525,626,4151,0.8491929655504697
247950,1196,3239,4435,0.2696730552423901
248190,396,74,470,0.8425531914893617
248290,237,102,339,0.6991150442477876
248310,4572,237,4809,0.9507174048658765
248330,1472,98,1570,0.9375796178343949
248350,278,127,405,0.6864197530864198
248370,102,44,146,0.6986301369863014
248390,14533,1897,16430,0.8845404747413268
248450,149,76,225,0.6622222222222223
248470,392,241,633,0.6192733017377567
248490,377,269,646,0.5835913312693498
248510,101,24,125,0.808
248530,730,256,986,0.7403651115618661
248550,1003,114,1117,0.8979409131602507
248570,14803,1944,16747,0.883919507971577
248610,9353,568,9921,0.9427477068843867
248650,1002,266,1268,0.7902208201892744
248710,235,519,754,0.3116710875331565
248730,308,77,385,0.8
248800,591,192,783,0.7547892720306514
248820,27693,2054,29747,0.9309510202709517
248860,4760,543,5303,0.8976051291721667
248970,1155,140,1295,0.8918918918918919
249050,11846,2030,13876,0.8537042375324301
249130,26920,1272,28192,0.9548808172531215
249190,162,203,365,0.4438356164383562
249230,4654,1603,6257,0.7438069362314208
249330,1443,177,1620,0.8907407407407407
249360,300,140,440,0.6818181818181818
249550,230,137,367,0.6267029972752044
249570,185,192,377,0.4907161803713528
249590,2056,387,2443,0.8415882112157184
249610,39,46,85,0.4588235294117647
249630,2474,348,2822,0.8766832034018427
249650,2357,1439,3796,0.6209167544783983
249680,2181,235,2416,0.9027317880794702
249870,1950,447,2397,0.8135168961201502
249930,28,33,61,0.45901639344262296
249950,436,112,548,0.7956204379562044
249990,2065,723,2788,0.740674318507891
250030,524,177,701,0.7475035663338089
250050,2331,99,2430,0.9592592592592593
250070,39,6,45,0.8666666666666667
250110,1865,117,1982,0.9409687184661958
250180,7900,909,8809,0.8968100805993869
250260,7362,509,7871,0.9353322322449498
250320,36773,798,37571,0.9787602139948365
250340,4055,1480,5535,0.7326106594399278
250380,1725,254,1979,0.8716523496715513
250400,14114,2960,17074,0.8266369919175355
250420,2599,1731,4330,0.6002309468822171
250440,1,0,1,1.0
250460,1294,410,1704,0.7593896713615024
250500,1837,90,1927,0.9532952776336274
250520,5880,885,6765,0.8691796008869179
250540,44,49,93,0.4731182795698925
250560,1053,281,1334,0.7893553223388305
250580,963,445,1408,0.6839488636363636
250600,21506,1798,23304,0.9228458633710951
250620,7012,895,7907,0.8868091564436575
250680,941,391,1332,0.7064564564564565
250700,856,102,958,0.8935281837160751
250720,13,49,62,0.20967741935483872
250760,15730,716,16446,0.9564635777696704
250820,66804,9946,76750,0.8704104234527688
250900,359793,10102,369895,0.9726895470336177
251020,25,26,51,0.49019607843137253
251060,17255,2243,19498,0.884962560262591
251110,3039,387,3426,0.8870402802101576
251130,4193,300,4493,0.9332294680614289
251150,9441,616,10057,0.9387491299592323
251210,254,48,302,0.8410596026490066
251230,702,182,884,0.7941176470588235
251270,1201,147,1348,0.8909495548961425
251290,3948,90,4038,0.9777117384843982
251310,203,156,359,0.5654596100278552
251370,671,28,699,0.9599427753934192
251410,116,145,261,0.4444444444444444
251430,1295,160,1455,0.8900343642611683
251450,101,136,237,0.42616033755274263
251470,3309,179,3488,0.9486811926605505
251490,293,10,303,0.966996699669967
251510,45,6,51,0.8823529411764706
251530,615,170,785,0.7834394904458599
251570,340094,50137,390231,0.871519689619738
251590,12,38,50,0.24
251630,1231,229,1460,0.8431506849315068
251650,38,25,63,0.6031746031746031
251670,1242,475,1717,0.7233546884100175
251690,436,218,654,0.6666666666666666
251710,203,177,380,0.5342105263157895
251730,3555,354,3909,0.9094397544128934
251830,815,46,861,0.9465737514518002
251850,523,175,698,0.7492836676217765
251870,2698,422,3120,0.8647435897435898
251910,229,79,308,0.7435064935064936
251950,1909,1862,3771,0.5062317687616017
251990,6730,364,7094,0.9486890329856217
252010,761,196,957,0.7951933124346917
252030,2266,435,2701,0.8389485375786746
252050,34,279,313,0.10862619808306709
252070,175,68,243,0.720164609053498
252090,68,37,105,0.6476190476190476
252110,3676,275,3951,0.9303973677549987
252130,2397,243,2640,0.9079545454545455
252170,428,113,541,0.7911275415896488
252190,182,112,294,0.6190476190476191
252230,605,341,946,0.6395348837209303
252250,465,597,1062,0.4378531073446328
252270,295,99,394,0.748730964467005
252310,575,113,688,0.8357558139534884
252330,8068,1093,9161,0.8806898810173562
252350,1933,579,2512,0.7695063694267515
252370,690,165,855,0.8070175438596491
252390,93,81,174,0.5344827586206896
252410,9606,651,10257,0.9365311494589061
252430,92,135,227,0.4052863436123348
252450,1160,936,2096,0.5534351145038168
252470,2228,593,2821,0.7897908543069834
252490,1127322,167192,1294514,0.8708457382461681
252530,11858,2006,13864,0.8553087132140796
252550,627,85,712,0.8806179775280899
252570,290,145,435,0.6666666666666666
252610,9236,709,9945,0.9287078934137758
252630,1937,269,2206,0.8780598368087036
252670,2622,342,2964,0.8846153846153846
252710,292,67,359,0.8133704735376045
252730,181,50,231,0.7835497835497836
252750,283,35,318,0.889937106918239
252830,271,140,411,0.6593673965936739
252870,5092,569,5661,0.8994877230171348
252890,280,70,350,0.8
252910,86,393,479,0.17954070981210857
252970,158,57,215,0.7348837209302326
253030,5913,410,6323,0.9351573620117033
253110,5580,366,5946,0.9384460141271443
253150,727,279,1006,0.7226640159045725
253230,51300,1142,52442,0.9782235612676862
253250,9723,3178,12901,0.75366250678242
253290,756,114,870,0.8689655172413793
253310,93,26,119,0.7815126050420168
253330,2259,705,2964,0.7621457489878543
253350,204,48,252,0.8095238095238095
253390,140,81,221,0.6334841628959276
253410,274,251,525,0.5219047619047619
253430,8922,2081,11003,0.8108697627919659
253510,513,643,1156,0.4437716262975779
253570,58,84,142,0.4084507042253521
253610,411,177,588,0.6989795918367347
253630,166,167,333,0.4984984984984985
253650,1542,553,2095,0.7360381861575179
253690,423,118,541,0.7818853974121996
253710,25505,18161,43666,0.584092886914304
253750,2154,122,2276,0.9463971880492091
253770,464,582,1046,0.4435946462715105
253790,230,47,277,0.8303249097472925
253840,2171,237,2408,0.901578073089701
253860,432,213,645,0.6697674418604651
253880,744,212,956,0.7782426778242678
253900,4091,718,4809,0.850696610521938
253920,1697,415,2112,0.8035037878787878
